dataset,model,MASE,MAE[0.5],MSE[mean],WQL
exchange_rate,amazon/chronos-t5-small,4.53001496539554,0.014535851776599884,0.00040979050875951845,0.017742139276940534
