dataset,model,MASE,MAE[0.5],MSE[mean],WQL
exchange_rate,amazon/chronos-t5-small,4.221759246003611,0.012080805997053782,0.00023038764872277775,0.014446550889905714
